Username,Channel Name,Country,Url
cristiano,cristiano,ES,https://www.instagram.com/cristiano
kyliejenner,kyliejenner,US,https://www.instagram.com/kyliejenner
leomessi,leomessi,AR,https://www.instagram.com/leomessi
selenagomez,selenagomez,US,https://www.instagram.com/selenagomez
therock,therock,US,https://www.instagram.com/therock
kimkardashian,kimkardashian,US,https://www.instagram.com/kimkardashian
arianagrande,arianagrande,US,https://www.instagram.com/arianagrande
beyonce,beyonce,US,https://www.instagram.com/beyonce
khloekardashian,khloekardashian,US,https://www.instagram.com/khloekardashian
kendalljenner,kendalljenner,US,https://www.instagram.com/kendalljenner
justinbieber,justinbieber,CA,https://www.instagram.com/justinbieber
natgeo,natgeo,US,https://www.instagram.com/natgeo
nike,nike,US,https://www.instagram.com/nike
taylorswift,taylorswift,US,https://www.instagram.com/taylorswift
jlo,jlo,US,https://www.instagram.com/jlo
virat.kohli,virat.kohli,IN,https://www.instagram.com/virat.kohli
nickiminaj,nickiminaj,US,https://www.instagram.com/nickiminaj
kourtneykardash,kourtneykardash,US,https://www.instagram.com/kourtneykardash
mileycyrus,mileycyrus,US,https://www.instagram.com/mileycyrus
neymarjr,neymarjr,BR,https://www.instagram.com/neymarjr
katyperry,katyperry,US,https://www.instagram.com/katyperry
kevinhart4real,kevinhart4real,US,https://www.instagram.com/kevinhart4real
zendaya,zendaya,US,https://www.instagram.com/zendaya
iamcardib,iamcardib,US,https://www.instagram.com/iamcardib
ddlovato,ddlovato,US,https://www.instagram.com/ddlovato
badgalriri,badgalriri,BB,https://www.instagram.com/badgalriri
kingjames,kingjames,US,https://www.instagram.com/kingjames
theellenshow,theellenshow,US,https://www.instagram.com/theellenshow
realmadrid,realmadrid,ES,https://www.instagram.com/realmadrid
champagnepapi,champagnepapi,NL,https://www.instagram.com/champagnepapi
chrisbrownofficial,chrisbrownofficial,US,https://www.instagram.com/chrisbrownofficial
fcbarcelona,fcbarcelona,ES,https://www.instagram.com/fcbarcelona
billieeilish,billieeilish,US,https://www.instagram.com/billieeilish
dualipa,dualipa,GB,https://www.instagram.com/dualipa
gal_gadot,gal_gadot,US,https://www.instagram.com/gal_gadot
vindiesel,vindiesel,US,https://www.instagram.com/vindiesel
priyankachopra,priyankachopra,US,https://www.instagram.com/priyankachopra
lalalalisa_m,lalalalisa_m,,https://www.instagram.com/lalalalisa_m
nasa,nasa,US,https://www.instagram.com/nasa
shakira,Shakira,CO,https://www.instagram.com/shakira
gigihadid,gigihadid,US,https://www.instagram.com/gigihadid
snoopdogg,snoopdogg,US,https://www.instagram.com/snoopdogg
davidbeckham,davidbeckham,US,https://www.instagram.com/davidbeckham
shraddhakapoor,shraddhakapoor,IN,https://www.instagram.com/shraddhakapoor
victoriassecret,victoriassecret,US,https://www.instagram.com/victoriassecret
k.mbappe,k.mbappe,FR,https://www.instagram.com/k.mbappe
nehakakkar,nehakakkar,IN,https://www.instagram.com/nehakakkar
shawnmendes,shawnmendes,CA,https://www.instagram.com/shawnmendes
nba,nba,US,https://www.instagram.com/nba
narendramodi,narendramodi,IN,https://www.instagram.com/narendramodi
jennierubyjane,jennierubyjane,,https://www.instagram.com/jennierubyjane
deepikapadukone,deepikapadukone,IN,https://www.instagram.com/deepikapadukone
tomholland2013,tomholland2013,GB,https://www.instagram.com/tomholland2013
aliaabhatt,aliaabhatt,IN,https://www.instagram.com/aliaabhatt
ronaldinho,ronaldinho,BR,https://www.instagram.com/ronaldinho
emmawatson,emmawatson,US,https://www.instagram.com/emmawatson
bts.bighitofficial,bts.bighitofficial,UY,https://www.instagram.com/bts.bighitofficial
katrinakaif,katrinakaif,IN,https://www.instagram.com/katrinakaif
justintimberlake,justintimberlake,US,https://www.instagram.com/justintimberlake
marvel,marvel,TR,https://www.instagram.com/marvel
camila_cabello,camila_cabello,US,https://www.instagram.com/camila_cabello
willsmith,willsmith,US,https://www.instagram.com/willsmith
raffinagita1717,raffinagita1717,ID,https://www.instagram.com/raffinagita1717
anitta,anitta,US,https://www.instagram.com/anitta
maluma,maluma,CO,https://www.instagram.com/maluma
akshaykumar,akshaykumar,IN,https://www.instagram.com/akshaykumar
jacquelinef143,jacquelinef143,IN,https://www.instagram.com/jacquelinef143
sooyaaa__,sooyaaa__,KR,https://www.instagram.com/sooyaaa__
psg,psg,FR,https://www.instagram.com/psg
roses_are_rosie,roses_are_rosie,NZ,https://www.instagram.com/roses_are_rosie
anushkasharma,anushkasharma,IN,https://www.instagram.com/anushkasharma
manchesterunited,manchesterunited,GB,https://www.instagram.com/manchesterunited
whinderssonnunes,whinderssonnunes,BR,https://www.instagram.com/whinderssonnunes
9gag,9gag,US,https://www.instagram.com/9gag
marcelotwelve,marcelotwelve,BR,https://www.instagram.com/marcelotwelve
karimbenzema,karimbenzema,ES,https://www.instagram.com/karimbenzema
chrishemsworth,chrishemsworth,AU,https://www.instagram.com/chrishemsworth
paulpogba,paulpogba,FR,https://www.instagram.com/paulpogba
iamzlatanibrahimovic,iamzlatanibrahimovic,SE,https://www.instagram.com/iamzlatanibrahimovic
karolg,karolg,IN,https://www.instagram.com/karolg
leonardodicaprio,leonardodicaprio,US,https://www.instagram.com/leonardodicaprio
milliebobbybrown,milliebobbybrown,US,https://www.instagram.com/milliebobbybrown
juventus,juventus,IT,https://www.instagram.com/juventus
zacefron,zacefron,US,https://www.instagram.com/zacefron
tatawerneck,tatawerneck,BR,https://www.instagram.com/tatawerneck
bellahadid,bellahadid,GB,https://www.instagram.com/bellahadid
robertdowneyjr,robertdowneyjr,US,https://www.instagram.com/robertdowneyjr
sunnyleone,sunnyleone,CA,https://www.instagram.com/sunnyleone
ladygaga,ladygaga,US,https://www.instagram.com/ladygaga
beingsalmankhan,beingsalmankhan,IN,https://www.instagram.com/beingsalmankhan
jbalvin,jbalvin,CO,https://www.instagram.com/jbalvin
sergioramos,sergioramos,ES,https://www.instagram.com/sergioramos
ayutingting92,ayutingting92,ID,https://www.instagram.com/ayutingting92
dishapatani,dishapatani,US,https://www.instagram.com/dishapatani
mosalah,mosalah,EG,https://www.instagram.com/mosalah
433,433,NL,https://www.instagram.com/433
hudabeauty,hudabeauty,US,https://www.instagram.com/hudabeauty
adele,adele,US,https://www.instagram.com/adele
michelleobama,michelleobama,US,https://www.instagram.com/michelleobama
jamesrodriguez10,jamesrodriguez10,CO,https://www.instagram.com/jamesrodriguez10
kritisanon,kritisanon,IN,https://www.instagram.com/kritisanon
krisjenner,krisjenner,US,https://www.instagram.com/krisjenner
lelepons,lelepons,US,https://www.instagram.com/lelepons
charlidamelio,charlidamelio,US,https://www.instagram.com/charlidamelio
gucci,gucci,IT,https://www.instagram.com/gucci
louisvuitton,louisvuitton,FR,https://www.instagram.com/louisvuitton
prillylatuconsina96,prillylatuconsina96,ID,https://www.instagram.com/prillylatuconsina96
dovecameron,dovecameron,US,https://www.instagram.com/dovecameron
garethbale11,garethbale11,GB,https://www.instagram.com/garethbale11
paulodybala,paulodybala,AR,https://www.instagram.com/paulodybala
blackpinkofficial,blackpinkofficial,KR,https://www.instagram.com/blackpinkofficial
jokowi,jokowi,ID,https://www.instagram.com/jokowi
nusr_et,nusr_et,AE,https://www.instagram.com/nusr_et
5.min.crafts,5-Minute Crafts GIRLY,US,https://www.instagram.com/5.min.crafts
vanessahudgens,vanessahudgens,US,https://www.instagram.com/vanessahudgens
thv,thv,,https://www.instagram.com/thv
harrystyles,harrystyles,US,https://www.instagram.com/harrystyles
zayn,zayn,US,https://www.instagram.com/zayn
larissamanoela,larissamanoela,BR,https://www.instagram.com/larissamanoela
haileybieber,haileybieber,US,https://www.instagram.com/haileybieber
thenotoriousmma,thenotoriousmma,US,https://www.instagram.com/thenotoriousmma
daddyyankee,daddyyankee,PR,https://www.instagram.com/daddyyankee
travisscott,travisscott,US,https://www.instagram.com/travisscott
natgeotravel,natgeotravel,US,https://www.instagram.com/natgeotravel
nikefootball,nikefootball,US,https://www.instagram.com/nikefootball
stephencurry30,stephencurry30,US,https://www.instagram.com/stephencurry30
vancityreynolds,vancityreynolds,CA,https://www.instagram.com/vancityreynolds
luissuarez9,luissuarez9,UY,https://www.instagram.com/luissuarez9
maisa,maisa,BR,https://www.instagram.com/maisa
gusttavolima,gusttavolima,BR,https://www.instagram.com/gusttavolima
hrithikroshan,hrithikroshan,CI,https://www.instagram.com/hrithikroshan
nickyjam,nickyjampr,CO,https://www.instagram.com/nickyjampr
jannatzubair29,jannatzubair29,,https://www.instagram.com/jannatzubair29
varundvn,varundvn,IN,https://www.instagram.com/varundvn
brunamarquezine,brunamarquezine,BR,https://www.instagram.com/brunamarquezine
caradelevingne,caradelevingne,US,https://www.instagram.com/caradelevingne
buzzfeedtasty,buzzfeedtasty,ES,https://www.instagram.com/buzzfeedtasty
kapilsharma,kapilsharma,IN,https://www.instagram.com/kapilsharma
britneyspears,britneyspears,TR,https://www.instagram.com/britneyspears
mariliamendoncacantora,mariliamendoncacantora,BR,https://www.instagram.com/mariliamendoncacantora
badbunnypr,badbunnypr,PR,https://www.instagram.com/badbunnypr
dior,dior,FR,https://www.instagram.com/dior
norafatehi,norafatehi,AI,https://www.instagram.com/norafatehi
jenniferaniston,jenniferaniston,US,https://www.instagram.com/jenniferaniston
marinaruybarbosa,marinaruybarbosa,BR,https://www.instagram.com/marinaruybarbosa
addisonraee,addisonraee,US,https://www.instagram.com/addisonraee
theweeknd,theweeknd,CA,https://www.instagram.com/theweeknd
ranveersingh,ranveersingh,CH,https://www.instagram.com/ranveersingh
andresiniesta8,andresiniesta8,ES,https://www.instagram.com/andresiniesta8
princessyahrini,princessyahrini,ID,https://www.instagram.com/princessyahrini
liverpoolfc,liverpoolfc,GB,https://www.instagram.com/liverpoolfc
teddysphotos,teddysphotos,US,https://www.instagram.com/teddysphotos
georginagio,georginagio,AR,https://www.instagram.com/georginagio
natashawilona12,natashawilona12,ID,https://www.instagram.com/natashawilona12
ruben_onsu,ruben_onsu,ID,https://www.instagram.com/ruben_onsu
mahi7781,mahi7781,IN,https://www.instagram.com/mahi7781
chrissyteigen,chrissyteigen,US,https://www.instagram.com/chrissyteigen
hm,hm,SE,https://www.instagram.com/hm
wizkhalifa,wizkhalifa,US,https://www.instagram.com/wizkhalifa
j.m,j.m,,https://www.instagram.com/j.m
anushkasen0408,anushkasen0408,,https://www.instagram.com/anushkasen0408
worldstar,worldstar,US,https://www.instagram.com/worldstar
prattprattpratt,prattprattpratt,US,https://www.instagram.com/prattprattpratt
marvelstudios,marvelstudios,US,https://www.instagram.com/marvelstudios
WesleySafadao,wesleysafadao,BR,https://www.instagram.com/wesleysafadao
parineetichopra,parineetichopra,IN,https://www.instagram.com/parineetichopra
cznburak,cznburak,TR,https://www.instagram.com/cznburak
laudyacynthiabella,laudyacynthiabella,ID,https://www.instagram.com/laudyacynthiabella
antogriezmann,antogriezmann,FR,https://www.instagram.com/antogriezmann
gisel_la,gisel_la,ID,https://www.instagram.com/gisel_la
eminem,eminem,US,https://www.instagram.com/eminem
rkive,rkive,,https://www.instagram.com/rkive
colesprouse,colesprouse,US,https://www.instagram.com/colesprouse
nattinatasha,nattinatasha,CZ,https://www.instagram.com/nattinatasha
mercedesbenz,mercedesbenz,VG,https://www.instagram.com/mercedesbenz
tigerjackieshroff,tigerjackieshroff,IN,https://www.instagram.com/tigerjackieshroff
barackobama,barackobama,US,https://www.instagram.com/barackobama
shahidkapoor,shahidkapoor,IN,https://www.instagram.com/shahidkapoor
kimberly.loaiza,kimberly.loaiza,MX,https://www.instagram.com/kimberly.loaiza
sachintendulkar,sachintendulkar,IN,https://www.instagram.com/sachintendulkar
simoneses,simoneses,BR,https://www.instagram.com/simoneses
ivetesangalo,ivetesangalo,BR,https://www.instagram.com/ivetesangalo
paollaoliveirareal,paollaoliveirareal,BR,https://www.instagram.com/paollaoliveirareal
lunamaya,lunamaya,ID,https://www.instagram.com/lunamaya
dannapaola,dannapaola,MX,https://www.instagram.com/dannapaola
blakelively,blakelively,US,https://www.instagram.com/blakelively
toni.kr8s,toni.kr8s,DE,https://www.instagram.com/toni.kr8s
adidasoriginals,adidasoriginals,DE,https://www.instagram.com/adidasoriginals
disney,disney,US,https://www.instagram.com/disney
shaymitchell,shaymitchell,US,https://www.instagram.com/shaymitchell
khabib_nurmagomedov,khabib_nurmagomedov,RU,https://www.instagram.com/khabib_nurmagomedov
bmw,bmw,DE,https://www.instagram.com/bmw
zidane,zidane,FR,https://www.instagram.com/zidane
nancyajram,nancyajram,FR,https://www.instagram.com/nancyajram
sonamkapoor,sonamkapoor,IN,https://www.instagram.com/sonamkapoor
luansantana,luansantana,BR,https://www.instagram.com/luansantana
danbilzerian,danbilzerian,CA,https://www.instagram.com/danbilzerian
nickjonas,nickjonas,US,https://www.instagram.com/nickjonas
gururandhawa,gururandhawa,US,https://www.instagram.com/gururandhawa
iambeckyg,iambeckyg,US,https://www.instagram.com/iambeckyg